t_ms,adc
1113031,946
1113041,935
1113051,932
1113061,930
1113071,940
1113081,934
1113091,937
1113101,941
1113111,947
1113121,939
1113131,947
1113141,943
1113151,938
1113161,933
1113171,950
1113181,952
1113191,937
1113201,938
1113211,946
1113221,950
1113231,936
1113241,940
1113251,940
1113261,940
1113271,937
1113281,941
1113291,935
1113301,944
1113311,936
1113321,945
1113331,944
1113341,937
1113351,948
1113361,934
1113371,938
1113381,941
1113391,942
1113401,945
1113411,941
1113421,946
1113431,944
1113441,942
1113451,940
1113461,938
1113471,939
1113481,941
1113491,944
1113501,946
1113511,951
1113521,945
1113531,950
1113541,943
1113551,948
1113561,950
1113571,944
1113581,932
1113591,943
1113601,932
1113611,932
1113621,941
1113631,939
1113641,934
1113651,950
1113661,944
1113671,947
1113681,932
1113691,940
1113701,938
1113711,943
1113721,939
1113731,936
1113741,940
1113751,944
1113761,941
1113771,942
1113781,942
1113791,951
1113801,942
1113811,948
1113821,940
1113831,946
1113841,933
1113851,954
1113861,938
1113871,949
1113881,938
1113891,940
1113901,944
1113911,943
1113921,932
1113931,940
1113941,939
1113951,935
1113961,942
1113971,940
1113981,946
1113991,941
1114001,939
1114011,938
1114021,942
1114031,937
1114041,938
1114051,937
1114061,942
1114071,941
1114081,939
1114091,931
1114101,942
1114111,944
1114121,943
1114131,940
1114141,942
1114151,945
1114161,942
1114171,935
1114181,936
1114191,941
1114201,945
1114211,942
1114221,938
1114231,948
1114241,942
1114251,944
1114261,940
1114271,937
1114281,940
1114291,935
1114301,939
1114311,934
1114321,940
1114331,939
1114341,938
1114351,939
1114361,937
1114371,943
1114381,938
1114391,943
1114401,934
1114411,944
1114421,946
1114431,938
1114441,936
1114451,939
1114461,936
1114471,949
1114481,949
1114491,941
1114501,936
1114511,943
1114521,943
1114531,941
1114541,941
1114551,948
1114561,945
1114571,948
1114581,939
1114591,946
1114601,943
1114611,934
1114621,943
1114631,946
1114641,939
1114651,942
1114661,935
1114671,945
1114681,945
1114691,944
1114701,953
1114711,934
1114721,937
1114731,939
1114741,949
1114751,939
1114761,933
1114771,940
1114781,940
1114791,946
1114801,946
1114811,943
1114821,941
1114831,945
1114841,938
1114851,939
1114861,936
1114871,940
1114881,939
1114891,938
1114901,947
1114911,947
1114921,943
1114931,938
1114941,942
1114951,945
1114961,940
1114971,939
1114981,949
1114991,940
1115001,940
1115011,943
1115021,942
1115031,949
1115041,940
1115051,949
1115061,945
1115071,940
1115081,941
1115091,941
1115101,946
1115111,943
1115121,945
1115131,941
1115141,942
1115151,943
1115161,950
1115171,949
1115181,938
1115191,930
1115201,940
1115211,932
1115221,936
1115231,937
1115241,940
1115251,948
1115261,950
1115271,950
1115281,940
1115291,937
1115301,940
1115311,940
1115321,947
1115331,948
1115341,937
1115351,942
1115361,945
1115371,947
1115381,943
1115391,950
1115401,942
1115411,941
1115421,941
1115431,941
1115441,950
1115451,940
1115461,939
1115471,937
1115481,946
1115491,946
1115501,946
1115511,943
1115521,943
1115531,948
1115541,939
1115551,943
1115561,941
1115571,944
1115581,941
1115591,932
1115601,943
1115611,933
1115621,936
1115631,940
1115641,952
1115651,947
1115661,948
1115671,946
1115681,946
1115691,945
1115701,952
1115711,938
1115721,942
1115731,950
1115741,942
1115751,935
1115761,842
1115771,776
1115781,736
1115791,694
1115801,659
1115811,607
1115821,571
1115831,538
1115841,510
1115851,506
1115861,487
1115871,466
1115881,453
1115891,439
1115901,436
1115911,426
1115921,415
1115931,418
1115941,397
1115951,405
1115961,395
1115971,392
1115981,386
1115991,392
1116001,383
1116011,377
1116021,382
1116031,376
1116041,368
1116051,373
1116061,368
1116071,361
1116081,371
1116091,365
1116101,369
1116111,364
1116121,371
1116131,365
1116141,368
1116151,363
1116161,361
1116171,365
1116181,363
1116191,358
1116201,355
1116211,355
1116221,356
1116231,363
1116241,358
1116251,358
1116261,357
1116271,358
1116281,358
1116291,357
1116301,359
1116311,363
1116321,354
1116331,360
1116341,362
1116351,361
1116361,360
1116371,366
1116381,365
1116391,361
1116401,360
1116411,355
1116421,360
1116431,361
1116441,360
1116451,356
1116461,363
1116471,368
1116481,364
1116491,361
1116501,355
1116511,357
1116521,359
1116531,359
1116541,364
1116551,362
1116561,362
1116571,364
1116581,361
1116591,359
1116601,366
1116611,361
1116621,364
1116631,357
1116641,358
1116651,359
1116661,351
1116671,358
1116681,359
1116691,359
1116701,359
1116711,362
1116721,366
1116731,360
1116741,360
1116751,364
1116761,360
1116771,361
1116781,363
1116791,362
1116801,361
1116811,360
1116821,360
1116831,359
1116841,354
1116851,358
1116861,356
1116871,364
1116881,358
1116891,358
1116901,360
1116911,360
1116921,365
1116931,360
1116941,362
1116951,362
1116961,360
1116971,360
1116981,364
1116991,363
1117001,361
1117011,361
1117021,365
1117031,361
1117041,358
1117051,358
1117061,365
1117071,363
1117081,362
1117091,363
1117101,357
1117111,359
1117121,364
1117131,359
1117141,364
1117151,365
1117161,362
1117171,365
1117181,360
1117191,359
1117201,355
1117211,358
1117221,360
1117231,361
1117241,356
1117251,367
1117261,362
1117271,364
1117281,368
1117291,360
1117301,360
1117311,363
1117321,359
1117331,354
1117341,364
1117351,360
1117361,361
1117371,368
1117381,364
1117391,367
1117401,359
1117411,367
1117421,360
1117431,355
1117441,358
1117451,359
1117461,362
1117471,360
1117481,360
1117491,365
1117501,367
1117511,365
1117521,360
1117531,359
1117541,357
1117551,361
1117561,362
1117571,358
1117581,360
1117591,361
1117601,362
1117611,359
1117621,365
1117631,355
1117641,363
1117651,353
1117661,367
1117671,366
1117681,362
1117691,361
1117701,365
1117711,362
1117721,361
1117731,365
1117741,363
1117751,360
1117761,369
1117771,358
1117781,360
1117791,364
1117801,366
1117811,366
1117821,365
1117831,360
1117841,362
1117851,363
1117861,359
1117871,363
1117881,361
1117891,366
1117901,363
1117911,367
1117921,364
1117931,367
1117941,362
1117951,367
1117961,367
1117971,361
1117981,361
1117991,359
1118001,364
1118011,361
1118021,363
1118031,356
1118041,363
1118051,360
1118061,361
1118071,364
1118081,360
1118091,361
1118101,361
1118111,359
1118121,366
1118131,366
1118141,363
1118151,360
1118161,366
1118171,360
1118181,365
1118191,359
1118201,355
1118211,364
1118221,358
1118231,359
1118241,366
1118251,355
1118261,355
1118271,367
1118281,365
1118291,362
1118301,353
1118311,358
1118321,354
1118331,359
1118341,364
1118351,363
1118361,361
1118371,364
1118381,363
1118391,361
1118401,359
1118411,361
1118421,362
1118431,360
1118441,362
1118451,368
1118461,362
1118471,359
1118481,363
1118491,362
1118501,357
1118511,359
1118521,362
1118531,362
1118541,360
1118551,363
1118561,357
1118571,371
1118581,355
1118591,359
1118601,356
1118611,360
1118621,360
1118631,359
1118641,368
1118651,355
1118661,366
1118671,366
1118681,358
1118691,361
1118701,361
1118711,358
1118721,361
1118731,363
1118741,359
1118751,367
1118761,360
1118771,365
1118781,360
1118791,359
1118801,358
1118811,356
1118821,359
1118831,355
1118841,364
1118851,362
1118861,365
1118871,360
1118881,357
1118891,360
1118901,361
1118911,365
1118921,362
1118931,361
1118941,361
1118951,360
1118961,366
1118971,361
1118981,358
1118991,362
1119001,361
1119011,362
1119021,358
1119031,354
1119041,363
1119051,353
1119061,365
1119071,364
1119081,361
1119091,364
1119101,357
1119111,361
1119121,364
1119131,356
1119141,361
1119151,360
1119161,359
1119171,360
1119181,358
1119191,362
1119201,360
1119211,366
1119221,357
1119231,362
1119241,360
1119251,362
1119261,363
1119271,359
1119281,359
1119291,360
1119301,360
1119311,357
1119321,365
1119331,363
1119341,365
1119351,362
1119361,360
1119371,359
1119381,362
1119391,360
1119401,361
1119411,357
1119421,361
1119431,358
1119441,361
1119451,356
1119461,360
1119471,362
1119481,359
1119491,365
1119501,360
1119511,366
1119521,363
1119531,363
1119541,362
1119551,356
1119561,363
1119571,361
1119581,363
1119591,358
1119601,364
1119611,363
1119621,361
1119631,358
1119641,357
1119651,357
1119661,367
1119671,363
1119681,354
1119691,363
1119701,358
1119711,362
1119721,355
1119731,362
1119741,358
1119751,366
1119761,358
1119771,359
1119781,365
1119791,359
1119801,366
1119811,354
1119821,361
1119831,363
1119841,358
1119851,364
1119861,358
1119871,365
1119881,353
1119891,365
1119901,361
1119911,358
1119921,364
1119931,364
1119941,360
1119951,364
1119961,365
1119971,354
1119981,359
1119991,364
1120001,357
1120011,360
1120021,359
1120031,361
1120041,362
1120051,366
1120061,366
1120071,363
1120081,360
1120091,363
1120101,362
1120111,360
1120121,362
1120131,352
1120141,363
1120151,358
1120161,363
1120171,363
1120181,367
1120191,360
1120201,368
1120211,356
1120221,360
1120231,364
1120241,358
1120251,357
1120261,358
1120271,355
1120281,361
1120291,362
1120301,363
1120311,358
1120321,352
1120331,359
1120341,366
1120351,360
1120361,363
1120371,363
1120381,362
1120391,349
1120401,365
1120411,357
1120421,365
1120431,363
1120441,358
1120451,356
1120461,366
1120471,362
1120481,364
1120491,362
1120501,367
1120511,359
1120521,359
1120531,361
1120541,367
1120551,365
1120561,364
1120571,357
1120581,360
1120591,357
1120601,352
1120611,354
1120621,359
1120631,360
1120641,351
1120651,357
1120661,371
1120671,363
1120681,358
1120691,363
1120701,357
1120711,361
1120721,360
1120731,364
1120741,358
1120751,365
1120761,360
1120771,364
1120781,362
1120791,358
1120801,359
1120811,358
1120821,363
1120831,359
1120841,360
1120851,358
1120861,361
1120871,358
1120881,359
1120891,360
1120901,363
1120911,364
1120921,359
1120931,360
1120941,357
1120951,361
1120961,362
1120971,360
1120981,364
1120991,369
1121001,356
1121011,354
1121021,362
1121031,361
1121041,363
1121051,363
1121061,365
1121071,365
1121081,365
1121091,361
1121101,360
1121111,355
1121121,356
1121131,358
1121141,364
1121151,358
1121161,360
1121171,366
1121181,366
1121191,359
1121201,361
1121211,356
1121221,360
1121231,363
1121241,358
1121251,359
1121261,363
1121271,359
1121281,358
1121291,360
1121301,356
1121311,364
1121321,358
1121331,356
1121341,358
1121351,363
1121361,357
1121371,359
1121381,357
1121391,360
1121401,359
1121411,358
1121421,359
1121431,367
1121441,357
1121451,360
1121461,358
1121471,362
1121481,359
1121491,362
1121501,365
1121511,363
1121521,365
1121531,361
1121541,358
1121551,359
1121561,366
1121571,355
1121581,362
1121591,369
1121601,353
1121611,360
1121621,363
1121631,363
1121641,358
1121651,360
1121661,364
1121671,357
1121681,354
1121691,358
1121701,361
1121711,356
1121721,358
1121731,367
1121741,364
1121751,358
1121761,361
1121771,363
1121781,359
1121791,358
1121801,358
1121811,359
1121821,367
1121831,354
1121841,369
1121851,366
1121861,363
1121871,363
1121881,365
1121891,366
1121901,361
1121911,358
1121921,360
1121931,362
1121941,366
1121951,365
1121961,369
1121971,360
1121981,353
1121991,365
1122001,370
1122011,363
1122021,362
1122031,365
1122041,367
1122051,362
1122061,364
1122071,360
1122081,363
1122091,364
1122101,358
1122111,358
1122121,357
1122131,365
1122141,358
1122151,364
1122161,366
1122171,366
1122181,357
1122191,367
1122201,361
1122211,360
1122221,363
1122231,360
1122241,360
1122251,357
1122261,362
1122271,372
1122281,360
1122291,360
1122301,365
1122311,364
1122321,360
1122331,363
1122341,362
1122351,363
1122361,356
1122371,366
1122381,363
1122391,357
1122401,362
1122411,370
1122421,363
1122431,360
1122441,364
1122451,362
1122461,363
1122471,356
1122481,367
1122491,357
1122501,359
1122511,361
1122521,363
1122531,359
1122541,367
1122551,359
1122561,363
1122571,368
1122581,357
1122591,363
1122601,361
1122611,364
1122621,362
1122631,362
1122641,359
1122651,357
1122661,359
1122671,364
1122681,359
1122691,365
1122701,358
1122711,364
1122721,360
1122731,365
1122741,367
1122751,362
1122761,358
1122771,358
1122781,368
1122791,364
1122801,369
1122811,365
1122821,363
1122831,361
1122841,368
1122851,360
1122861,358
1122871,361
1122881,363
1122891,360
1122901,359
1122911,365
1122921,364
1122931,358
1122941,362
1122951,361
1122961,359
1122971,363
1122981,363
1122991,369
1123001,365
1123011,355
1123021,366
1123031,364
