wall_s,atom_t_ms,cycle,phase,p_kpa
1.012,,1,approach,
3.653,980425,1,attached,-54.67062
6.823,983595,1,lifted,-53.26521
9.823,986595,1,carried,-54.249
12.944,989715,1,at-place,-77.71942
13.445,990215,1,released,13.9136
16.096,992865,1,clear,0.702698
16.096,992865,2,approach,0.702698
18.782,995555,2,attached,-55.23279
21.935,998705,2,lifted,-54.249
24.936,1001705,2,carried,-53.82738
28.09,1004855,2,at-place,-78.0005
28.591,1005365,2,released,13.49197
31.175,1007945,2,clear,0.562157
31.175,1007945,3,approach,0.562157
33.81,1010585,3,attached,-55.09225
36.997,1013765,3,lifted,-52.98413
39.998,1016765,3,carried,-52.28142
43.191,1019965,3,at-place,-78.42213
43.691,1020465,3,released,14.75685
46.354,1023125,3,clear,-0.421631
46.354,1023125,4,approach,-0.421631
49.029,1025795,4,attached,-56.49766
52.492,1029265,4,lifted,-54.95171
55.493,1032265,4,carried,-54.38954
58.664,1035435,4,at-place,-77.43834
59.165,1035935,4,released,13.77306
61.774,1038545,4,clear,-0.562172
61.774,1038545,5,approach,-0.562172
64.5,1041275,5,attached,-54.249
67.671,1044445,5,lifted,-53.96792
70.671,1047445,5,carried,-52.98413
73.791,1050565,5,at-place,-78.84376
74.292,1051065,5,released,13.49197
76.934,1053705,5,clear,-0.702713
76.934,1053705,6,approach,-0.702713
79.587,1056355,6,attached,-62.68149
82.75,1059515,6,lifted,-52.70305
85.751,1062525,6,carried,-51.85979
88.92,1065695,6,at-place,-78.28159
89.42,1066195,6,released,14.05414
92.059,1068835,6,clear,-0.421631
92.059,1068835,7,approach,-0.421631
94.689,1071465,7,attached,-66.19502
98.195,1074965,7,lifted,-55.09225
101.196,1077965,7,carried,-53.5463
104.339,1081115,7,at-place,-78.0005
104.84,1081615,7,released,14.33522
107.453,1084225,7,clear,-1.545967
107.453,1084225,8,approach,-1.545967
110.07,1086845,8,attached,-56.21658
113.216,1089985,8,lifted,-54.249
116.217,1092985,8,carried,-53.82738
119.345,1096115,8,at-place,-77.43834
119.846,1096615,8,released,15.45956
122.413,1099185,8,clear,-0.843254
122.413,1099185,9,approach,-0.843254
125.027,1101805,9,attached,-59.16795
128.495,1105265,9,lifted,-53.40575
131.495,1108265,9,carried,-52.00034
134.671,1111445,9,at-place,-78.14104
135.172,1111945,9,released,15.17848
137.81,1114585,9,clear,-0.843254
137.81,1114585,10,approach,-0.843254
140.478,1117255,10,attached,-54.81117
143.649,1120425,10,lifted,-53.68683
146.649,1123425,10,carried,-51.29763
149.82,1126595,10,at-place,-78.0005
150.321,1127095,10,released,13.07034
152.944,1129715,10,clear,-0.140541
