t_ms,adc,p_kpa,pump
893945,887,-1.26487,0
893955,894,-0.28109,0
893965,901,0.702698,0
893975,884,-1.686501,0
893985,899,0.421623,0
893995,880,-2.248672,0
894005,906,1.405411,0
894015,887,-1.26487,0
894025,885,-1.545967,0
894035,889,-0.983803,0
894045,887,-1.26487,0
894055,887,-1.26487,0
894065,885,-1.545967,0
894075,893,-0.421631,0
894085,887,-1.26487,0
894095,890,-0.843254,0
894105,891,-0.702713,0
894115,892,-0.562172,0
894125,892,-0.562172,0
894135,890,-0.843254,0
894145,896,0,0
894155,887,-1.26487,0
894165,894,-0.28109,0
894175,889,-0.983803,0
894185,898,0.281067,0
894195,888,-1.124344,0
894205,892,-0.562172,0
894215,884,-1.686501,0
894225,885,-1.545967,0
894235,897,0.140541,0
894245,886,-1.405411,0
894255,890,-0.843254,0
894265,893,-0.421631,0
894275,893,-0.421631,0
894285,900,0.562157,0
894295,886,-1.405411,0
894305,887,-1.26487,0
894315,891,-0.702713,0
894325,890,-0.843254,0
894335,892,-0.562172,0
894345,889,-0.983803,0
894355,885,-1.545967,0
894365,892,-0.562172,0
894375,889,-0.983803,0
894385,896,0,0
894395,896,0,0
894405,895,-0.140541,0
894415,893,-0.421631,0
894425,900,0.562157,0
894435,889,-0.983803,0
894445,889,-0.983803,0
894455,885,-1.545967,0
894465,898,0.281067,0
894475,887,-1.26487,0
894485,890,-0.843254,0
894495,886,-1.405411,0
894505,888,-1.124344,0
894515,895,-0.140541,0
894525,884,-1.686501,0
894535,899,0.421623,0
894545,888,-1.124344,0
894555,898,0.281067,0
894565,893,-0.421631,0
894575,901,0.702698,0
894585,894,-0.28109,0
894595,890,-0.843254,0
894605,894,-0.28109,0
894615,890,-0.843254,0
894625,896,0,0
894635,894,-0.28109,0
894645,889,-0.983803,0
894655,896,0,0
894665,907,1.545952,0
894675,891,-0.702713,0
894685,894,-0.28109,0
894695,896,0,0
894705,895,-0.140541,0
894715,889,-0.983803,0
894725,899,0.421623,0
894735,899,0.421623,0
894745,886,-1.405411,0
894755,898,0.281067,0
894765,892,-0.562172,0
894775,896,0,0
894785,898,0.281067,0
894795,891,-0.702713,0
894805,897,0.140541,0
894815,893,-0.421631,0
894825,892,-0.562172,0
894835,888,-1.124344,0
894845,888,-1.124344,0
894855,901,0.702698,0
894865,893,-0.421631,0
894875,897,0.140541,0
894885,901,0.702698,0
894895,893,-0.421631,0
894905,895,-0.140541,0
894915,886,-1.405411,0
894925,896,0,0
894935,893,-0.421631,0
894945,881,-2.108124,0
894955,894,-0.28109,0
894965,889,-0.983803,0
894975,887,-1.26487,0
894985,898,0.281067,0
894995,899,0.421623,0
895005,897,0.140541,0
895015,887,-1.26487,0
895025,896,0,0
895035,886,-1.405411,0
895045,894,-0.28109,0
895055,910,1.967575,0
895065,888,-1.124344,0
895075,894,-0.28109,0
895085,904,1.124329,0
895095,888,-1.124344,0
895105,888,-1.124344,0
895115,894,-0.28109,0
895125,891,-0.702713,0
895135,896,0,0
895145,897,0.140541,0
895155,901,0.702698,0
895165,892,-0.562172,0
895175,898,0.281067,0
895185,900,0.562157,0
895195,894,-0.28109,0
895205,895,-0.140541,0
895215,899,0.421623,0
895225,891,-0.702713,0
895235,896,0,0
895245,889,-0.983803,0
895255,897,0.140541,0
895265,884,-1.686501,0
895275,899,0.421623,0
895285,892,-0.562172,0
895295,885,-1.545967,0
895305,892,-0.562172,0
895315,892,-0.562172,0
895325,896,0,0
895335,896,0,0
895345,897,0.140541,0
895355,893,-0.421631,0
895365,889,-0.983803,0
895375,893,-0.421631,0
895385,887,-1.26487,0
895395,893,-0.421631,0
895405,900,0.562157,0
895415,895,-0.140541,0
895425,897,0.140541,0
895435,896,0,0
895445,889,-0.983803,0
895455,895,-0.140541,0
895465,897,0.140541,0
895475,898,0.281067,0
895485,893,-0.421631,0
895495,892,-0.562172,0
895505,901,0.702698,0
895515,881,-2.108124,0
895525,888,-1.124344,0
895535,900,0.562157,0
895545,884,-1.686501,0
895555,894,-0.28109,0
895565,897,0.140541,0
895575,893,-0.421631,0
895585,889,-0.983803,0
895595,882,-1.967583,0
895605,893,-0.421631,0
895615,894,-0.28109,0
895625,905,1.26487,0
895635,887,-1.26487,0
895645,890,-0.843254,0
895655,884,-1.686501,0
895665,891,-0.702713,0
895675,897,0.140541,0
895685,900,0.562157,0
895695,899,0.421623,0
895705,889,-0.983803,0
895715,886,-1.405411,0
895725,895,-0.140541,0
895735,885,-1.545967,0
895745,887,-1.26487,0
895755,895,-0.140541,0
895765,898,0.281067,0
895775,897,0.140541,0
895785,901,0.702698,0
895795,888,-1.124344,0
895805,901,0.702698,0
895815,887,-1.26487,0
895825,894,-0.28109,0
895835,896,0,0
895845,889,-0.983803,0
895855,901,0.702698,0
895865,901,0.702698,0
895875,897,0.140541,0
895885,895,-0.140541,0
895895,894,-0.28109,0
895905,892,-0.562172,0
895915,903,0.98378,0
895925,892,-0.562172,0
895935,897,0.140541,0
895945,889,-0.983803,0
895955,895,-0.140541,0
895965,897,0.140541,0
895975,897,0.140541,0
895985,897,0.140541,0
895995,888,-1.124344,0
896005,896,0,0
896015,894,-0.28109,0
896025,901,0.702698,0
896035,899,0.421623,0
896045,889,-0.983803,0
896055,883,-1.827042,0
896065,895,-0.140541,0
896075,896,0,0
896085,891,-0.702713,0
896095,891,-0.702713,0
896105,892,-0.562172,0
896115,895,-0.140541,0
896125,902,0.843239,0
896135,893,-0.421631,1
896145,883,-1.827042,1
896155,898,0.281067,1
896165,889,-0.983803,1
896175,892,-0.562172,1
896185,856,-5.621658,1
896195,837,-8.291954,1
896205,825,-9.978447,1
896215,813,-11.66494,1
896225,816,-11.24332,1
896235,818,-10.96224,1
896245,813,-11.66494,1
896255,811,-11.94603,1
896265,807,-12.5082,1
896275,801,-13.35144,1
896285,817,-11.10278,1
896295,805,-12.78927,1
896305,815,-11.38386,1
896315,811,-11.94603,1
896325,816,-11.24332,1
896335,814,-11.5244,1
896345,809,-12.22711,1
896355,812,-11.80549,1
896365,807,-12.5082,1
896375,812,-11.80549,1
896385,823,-10.25953,1
896395,812,-11.80549,1
896405,817,-11.10278,1
896415,804,-12.92981,1
896425,803,-13.07037,1
896435,816,-11.24332,1
896445,809,-12.22711,1
896455,808,-12.36765,1
896465,803,-13.07037,1
896475,807,-12.5082,1
896485,823,-10.25953,1
896495,812,-11.80549,1
896505,816,-11.24332,1
896515,799,-13.63252,1
896525,812,-11.80549,1
896535,823,-10.25953,1
896545,806,-12.64874,1
896555,813,-11.66494,1
896565,807,-12.5082,1
896575,812,-11.80549,1
896585,816,-11.24332,1
896595,813,-11.66494,1
896605,807,-12.5082,1
896615,812,-11.80549,1
896625,814,-11.5244,1
896635,829,-9.41629,1
896645,812,-11.80549,1
896655,810,-12.08657,1
896665,817,-11.10278,1
896675,805,-12.78927,1
896685,826,-9.837906,1
896695,812,-11.80549,1
896705,813,-11.66494,1
896715,807,-12.5082,1
896725,801,-13.35144,1
896735,815,-11.38386,1
896745,806,-12.64874,1
896755,813,-11.66494,1
896765,764,-18.55147,1
896775,729,-23.47043,1
896785,719,-24.87584,1
896795,691,-28.811,1
896805,677,-30.77858,1
896815,643,-35.55699,1
896825,615,-39.49216,1
896835,611,-40.05432,1
896845,591,-42.86514,1
896855,574,-45.25436,1
896865,544,-49.47059,1
896875,547,-49.04897,1
896885,531,-51.29763,1
896895,513,-53.82738,1
896905,512,-53.96792,1
896915,496,-56.21658,1
896925,487,-57.48146,1
896935,475,-59.16795,1
896945,468,-60.15174,0
896955,465,-60.57337,0
896965,447,-63.10312,0
896975,441,-63.94636,0
896985,427,-65.91394,0
896995,427,-65.91394,0
897005,487,-57.48146,0
897015,496,-56.21658,0
897025,503,-55.23279,0
897035,507,-54.67062,0
897045,497,-56.07604,0
897055,509,-54.38954,0
897065,492,-56.77875,0
897075,503,-55.23279,0
897085,503,-55.23279,0
897095,498,-55.9355,0
897105,504,-55.09225,0
897115,498,-55.9355,0
897125,505,-54.95171,0
897135,498,-55.9355,0
897145,501,-55.51388,0
897155,502,-55.37333,0
897165,493,-56.6382,0
897175,505,-54.95171,0
897185,503,-55.23279,0
897195,499,-55.79496,0
897205,500,-55.65442,0
897215,499,-55.79496,0
897225,502,-55.37333,0
897235,512,-53.96792,0
897245,497,-56.07604,0
897255,507,-54.67062,0
897265,498,-55.9355,0
897275,504,-55.09225,0
897285,502,-55.37333,0
897295,501,-55.51388,0
897305,501,-55.51388,0
897315,499,-55.79496,0
897325,509,-54.38954,0
897335,496,-56.21658,0
897345,500,-55.65442,0
897355,501,-55.51388,0
897365,500,-55.65442,0
897375,509,-54.38954,0
897385,502,-55.37333,0
897395,500,-55.65442,0
897405,510,-54.249,0
897415,495,-56.35712,0
897425,499,-55.79496,0
897435,506,-54.81117,0
897445,499,-55.79496,0
897455,502,-55.37333,0
897465,498,-55.9355,0
897475,500,-55.65442,0
897485,503,-55.23279,0
897495,501,-55.51388,0
897505,509,-54.38954,0
897515,496,-56.21658,0
897525,509,-54.38954,0
897535,505,-54.95171,0
897545,502,-55.37333,0
897555,507,-54.67062,0
897565,504,-55.09225,0
897575,495,-56.35712,0
897585,501,-55.51388,0
897595,500,-55.65442,0
897605,501,-55.51388,0
897615,501,-55.51388,0
897625,502,-55.37333,0
897635,500,-55.65442,0
897645,501,-55.51388,0
897655,514,-53.68683,0
897665,502,-55.37333,0
897675,500,-55.65442,0
897685,508,-54.53009,0
897695,504,-55.09225,0
897705,500,-55.65442,0
897715,501,-55.51388,0
897725,500,-55.65442,0
897735,508,-54.53009,0
897745,503,-55.23279,0
897755,510,-54.249,0
897765,510,-54.249,0
897775,505,-54.95171,0
897785,507,-54.67062,0
897795,505,-54.95171,0
897805,500,-55.65442,0
897815,503,-55.23279,0
897825,502,-55.37333,0
897835,502,-55.37333,0
897845,503,-55.23279,0
897855,506,-54.81117,0
897865,497,-56.07604,0
897875,513,-53.82738,0
897885,508,-54.53009,0
897895,508,-54.53009,0
897905,501,-55.51388,0
897915,496,-56.21658,0
897925,508,-54.53009,0
897935,504,-55.09225,0
897945,503,-55.23279,0
897955,509,-54.38954,0
897965,503,-55.23279,0
897975,509,-54.38954,0
897985,504,-55.09225,0
897995,505,-54.95171,0
898005,499,-55.79496,0
898015,498,-55.9355,0
898025,504,-55.09225,0
898035,501,-55.51388,0
898045,503,-55.23279,0
898055,503,-55.23279,0
898065,505,-54.95171,0
898075,505,-54.95171,0
898085,500,-55.65442,0
898095,505,-54.95171,0
898105,511,-54.10846,0
898115,505,-54.95171,0
898125,500,-55.65442,0
898135,510,-54.249,0
898145,511,-54.10846,0
898155,498,-55.9355,0
898165,501,-55.51388,0
898175,508,-54.53009,0
898185,505,-54.95171,0
898195,508,-54.53009,0
898205,503,-55.23279,0
898215,502,-55.37333,0
898225,510,-54.249,0
898235,506,-54.81117,0
898245,501,-55.51388,0
898255,506,-54.81117,0
898265,506,-54.81117,0
898275,509,-54.38954,0
898285,508,-54.53009,0
898295,509,-54.38954,0
898305,517,-53.26521,0
898315,497,-56.07604,0
898325,517,-53.26521,0
898335,513,-53.82738,0
898345,495,-56.35712,0
898355,511,-54.10846,0
898365,508,-54.53009,0
898375,508,-54.53009,0
898385,503,-55.23279,0
898395,511,-54.10846,0
898405,510,-54.249,0
898415,506,-54.81117,0
898425,502,-55.37333,0
898435,506,-54.81117,0
898445,505,-54.95171,0
898455,509,-54.38954,0
898465,502,-55.37333,0
898475,510,-54.249,0
898485,513,-53.82738,0
898495,508,-54.53009,0
898505,502,-55.37333,0
898515,497,-56.07604,0
898525,510,-54.249,0
898535,504,-55.09225,0
898545,510,-54.249,0
898555,516,-53.40575,0
898565,501,-55.51388,0
898575,508,-54.53009,0
898585,501,-55.51388,0
898595,515,-53.5463,0
898605,502,-55.37333,0
898615,507,-54.67062,0
898625,506,-54.81117,0
898635,501,-55.51388,0
898645,504,-55.09225,0
898655,505,-54.95171,0
898665,509,-54.38954,0
898675,509,-54.38954,0
898685,511,-54.10846,0
898695,513,-53.82738,0
898705,516,-53.40575,0
898715,510,-54.249,0
898725,509,-54.38954,0
898735,517,-53.26521,0
898745,508,-54.53009,0
898755,508,-54.53009,0
898765,498,-55.9355,0
898775,506,-54.81117,0
898785,506,-54.81117,0
898795,513,-53.82738,0
898805,513,-53.82738,0
898815,508,-54.53009,0
898825,504,-55.09225,0
898835,506,-54.81117,0
898845,503,-55.23279,0
898855,500,-55.65442,0
898865,500,-55.65442,0
898875,504,-55.09225,0
898885,505,-54.95171,0
898895,514,-53.68683,0
898905,505,-54.95171,0
898915,507,-54.67062,0
898925,510,-54.249,0
898935,514,-53.68683,0
898945,510,-54.249,0
898955,508,-54.53009,0
898965,501,-55.51388,0
898975,499,-55.79496,0
898985,506,-54.81117,0
898995,509,-54.38954,0
899005,504,-55.09225,0
899015,512,-53.96792,0
899025,512,-53.96792,0
899035,502,-55.37333,0
899045,501,-55.51388,0
899055,500,-55.65442,0
899065,523,-52.42196,0
899075,500,-55.65442,0
899085,508,-54.53009,0
899095,505,-54.95171,0
899105,498,-55.9355,0
899115,501,-55.51388,0
899125,506,-54.81117,0
899135,506,-54.81117,0
899145,507,-54.67062,0
899155,507,-54.67062,0
899165,513,-53.82738,0
899175,510,-54.249,0
899185,500,-55.65442,0
899195,513,-53.82738,0
899205,508,-54.53009,0
899215,505,-54.95171,0
899225,497,-56.07604,0
899235,506,-54.81117,0
899245,511,-54.10846,0
899255,513,-53.82738,0
899265,502,-55.37333,0
899275,503,-55.23279,0
899285,505,-54.95171,0
899295,515,-53.5463,0
899305,498,-55.9355,0
899315,504,-55.09225,0
899325,501,-55.51388,0
899335,505,-54.95171,0
899345,507,-54.67062,0
899355,508,-54.53009,0
899365,503,-55.23279,0
899375,505,-54.95171,0
899385,500,-55.65442,0
899395,501,-55.51388,0
899405,511,-54.10846,0
899415,510,-54.249,0
899425,508,-54.53009,0
899435,505,-54.95171,0
899445,518,-53.12467,0
899455,509,-54.38954,0
899465,515,-53.5463,0
899475,508,-54.53009,0
899485,503,-55.23279,0
899495,505,-54.95171,0
899505,510,-54.249,0
899515,506,-54.81117,0
899525,511,-54.10846,0
899535,513,-53.82738,0
899545,507,-54.67062,0
899555,512,-53.96792,0
899565,499,-55.79496,0
899575,501,-55.51388,0
899585,504,-55.09225,0
899595,512,-53.96792,0
899605,508,-54.53009,0
899615,506,-54.81117,0
899625,504,-55.09225,0
899635,508,-54.53009,0
899645,502,-55.37333,0
899655,507,-54.67062,0
899665,507,-54.67062,0
899675,503,-55.23279,0
899685,505,-54.95171,0
899695,506,-54.81117,0
899705,506,-54.81117,0
899715,505,-54.95171,0
899725,503,-55.23279,0
899735,507,-54.67062,0
899745,503,-55.23279,0
899755,508,-54.53009,0
899765,507,-54.67062,0
899775,508,-54.53009,0
899785,505,-54.95171,0
899795,499,-55.79496,0
899805,508,-54.53009,0
899815,512,-53.96792,0
899825,508,-54.53009,0
899835,503,-55.23279,0
899845,503,-55.23279,0
899855,505,-54.95171,0
899865,504,-55.09225,0
899875,506,-54.81117,0
899885,504,-55.09225,0
899895,501,-55.51388,0
899905,504,-55.09225,0
899915,506,-54.81117,0
899925,507,-54.67062,0
899935,516,-53.40575,0
899945,507,-54.67062,0
899955,506,-54.81117,0
899965,496,-56.21658,0
899975,501,-55.51388,0
899985,504,-55.09225,0
899995,505,-54.95171,0
900005,508,-54.53009,0
900015,502,-55.37333,0
900025,511,-54.10846,0
900035,504,-55.09225,0
900045,508,-54.53009,0
900055,514,-53.68683,0
900065,503,-55.23279,0
900075,507,-54.67062,0
900085,504,-55.09225,0
900095,508,-54.53009,0
900105,506,-54.81117,0
900115,506,-54.81117,0
900125,507,-54.67062,0
900135,517,-53.26521,0
900145,501,-55.51388,0
900155,505,-54.95171,0
900165,507,-54.67062,0
900175,500,-55.65442,0
900185,504,-55.09225,0
900195,514,-53.68683,0
900205,504,-55.09225,0
900215,507,-54.67062,0
900225,504,-55.09225,0
900235,504,-55.09225,0
900245,510,-54.249,0
900255,515,-53.5463,0
900265,508,-54.53009,0
900275,509,-54.38954,0
900285,505,-54.95171,0
900295,507,-54.67062,0
900305,504,-55.09225,0
900315,504,-55.09225,0
900325,505,-54.95171,0
900335,505,-54.95171,0
900345,509,-54.38954,0
900355,505,-54.95171,0
900365,511,-54.10846,0
900375,513,-53.82738,0
900385,511,-54.10846,0
900395,507,-54.67062,0
900405,508,-54.53009,0
900415,514,-53.68683,0
900425,501,-55.51388,0
900435,506,-54.81117,0
900445,509,-54.38954,0
900455,506,-54.81117,0
900465,507,-54.67062,0
900475,506,-54.81117,0
900485,515,-53.5463,0
900495,510,-54.249,0
900505,510,-54.249,0
900515,504,-55.09225,0
900525,516,-53.40575,0
900535,503,-55.23279,0
900545,503,-55.23279,0
900555,518,-53.12467,0
900565,505,-54.95171,0
900575,508,-54.53009,0
900585,506,-54.81117,0
900595,508,-54.53009,0
900605,509,-54.38954,0
900615,506,-54.81117,0
900625,514,-53.68683,0
900635,511,-54.10846,0
900645,504,-55.09225,0
900655,507,-54.67062,0
900665,503,-55.23279,0
900675,511,-54.10846,0
900685,508,-54.53009,0
900695,504,-55.09225,0
900705,508,-54.53009,0
900715,503,-55.23279,0
900725,506,-54.81117,0
900735,511,-54.10846,0
900745,506,-54.81117,0
900755,511,-54.10846,0
900765,507,-54.67062,0
900775,512,-53.96792,0
900785,508,-54.53009,0
900795,505,-54.95171,0
900805,512,-53.96792,0
900815,507,-54.67062,0
900825,510,-54.249,0
900835,509,-54.38954,0
900845,506,-54.81117,0
900855,510,-54.249,0
900865,507,-54.67062,0
900875,504,-55.09225,0
900885,510,-54.249,0
900895,509,-54.38954,0
900905,508,-54.53009,0
900915,518,-53.12467,0
900925,504,-55.09225,0
900935,515,-53.5463,0
900945,516,-53.40575,0
900955,510,-54.249,0
900965,508,-54.53009,0
900975,510,-54.249,0
900985,511,-54.10846,0
900995,510,-54.249,0
901005,510,-54.249,0
901015,509,-54.38954,0
901025,517,-53.26521,0
901035,508,-54.53009,0
901045,509,-54.38954,0
901055,508,-54.53009,0
901065,511,-54.10846,0
901075,510,-54.249,0
901085,506,-54.81117,0
901095,508,-54.53009,0
901105,509,-54.38954,0
901115,508,-54.53009,0
901125,514,-53.68683,0
901135,509,-54.38954,0
901145,522,-52.56251,0
901155,498,-55.9355,0
901165,518,-53.12467,0
901175,511,-54.10846,0
901185,512,-53.96792,0
901195,516,-53.40575,0
901205,508,-54.53009,0
901215,506,-54.81117,0
901225,510,-54.249,0
901235,511,-54.10846,0
901245,506,-54.81117,0
901255,514,-53.68683,0
901265,508,-54.53009,0
901275,522,-52.56251,0
901285,505,-54.95171,0
901295,506,-54.81117,0
901305,505,-54.95171,0
901315,508,-54.53009,0
901325,510,-54.249,0
901335,507,-54.67062,0
901345,511,-54.10846,0
901355,501,-55.51388,0
901365,510,-54.249,0
901375,506,-54.81117,0
901385,509,-54.38954,0
901395,511,-54.10846,0
901405,510,-54.249,0
901415,506,-54.81117,0
901425,503,-55.23279,0
901435,512,-53.96792,0
901445,513,-53.82738,0
901455,515,-53.5463,0
901465,510,-54.249,0
901475,504,-55.09225,0
901485,512,-53.96792,0
901495,504,-55.09225,0
901505,510,-54.249,0
901515,509,-54.38954,0
901525,510,-54.249,0
901535,515,-53.5463,0
901545,521,-52.70305,0
901555,505,-54.95171,0
901565,515,-53.5463,0
901575,509,-54.38954,0
901585,507,-54.67062,0
901595,509,-54.38954,0
901605,509,-54.38954,0
901615,508,-54.53009,0
901625,505,-54.95171,0
901635,518,-53.12467,0
901645,509,-54.38954,0
901655,508,-54.53009,0
901665,506,-54.81117,0
901675,508,-54.53009,0
901685,508,-54.53009,0
901695,513,-53.82738,0
901705,504,-55.09225,0
901715,507,-54.67062,0
901725,511,-54.10846,0
901735,512,-53.96792,0
901745,505,-54.95171,0
901755,523,-52.42196,0
901765,510,-54.249,0
901775,515,-53.5463,0
901785,508,-54.53009,0
901795,505,-54.95171,0
901805,509,-54.38954,0
901815,518,-53.12467,0
901825,513,-53.82738,0
901835,507,-54.67062,0
901845,508,-54.53009,0
901855,505,-54.95171,0
901865,511,-54.10846,0
901875,513,-53.82738,0
901885,511,-54.10846,0
901895,508,-54.53009,0
901905,509,-54.38954,0
901915,507,-54.67062,0
901925,509,-54.38954,0
901935,511,-54.10846,0
901945,513,-53.82738,0
901955,517,-53.26521,0
901965,504,-55.09225,0
901975,518,-53.12467,0
901985,514,-53.68683,0
901995,510,-54.249,0
902005,504,-55.09225,0
902015,508,-54.53009,0
902025,513,-53.82738,0
902035,505,-54.95171,0
902045,511,-54.10846,0
902055,507,-54.67062,0
902065,514,-53.68683,0
902075,511,-54.10846,0
902085,506,-54.81117,0
902095,504,-55.09225,0
902105,511,-54.10846,0
902115,511,-54.10846,0
902125,510,-54.249,0
902135,508,-54.53009,0
902145,511,-54.10846,0
902155,518,-53.12467,0
902165,518,-53.12467,0
902175,511,-54.10846,0
902185,507,-54.67062,0
902195,515,-53.5463,0
902205,505,-54.95171,0
902215,504,-55.09225,0
902225,506,-54.81117,0
902235,511,-54.10846,0
902245,513,-53.82738,0
902255,507,-54.67062,0
902265,514,-53.68683,0
902275,514,-53.68683,0
902285,508,-54.53009,0
902295,510,-54.249,0
902305,507,-54.67062,0
902315,510,-54.249,0
902325,508,-54.53009,0
902335,507,-54.67062,0
902345,508,-54.53009,0
902355,519,-52.98413,0
902365,513,-53.82738,0
902375,506,-54.81117,0
902385,509,-54.38954,0
902395,515,-53.5463,0
902405,510,-54.249,0
902415,512,-53.96792,0
902425,508,-54.53009,0
902435,512,-53.96792,0
902445,512,-53.96792,0
902455,508,-54.53009,0
902465,508,-54.53009,0
902475,514,-53.68683,0
902485,511,-54.10846,0
902495,509,-54.38954,0
902505,514,-53.68683,0
902515,514,-53.68683,0
902525,523,-52.42196,0
902535,509,-54.38954,0
902545,511,-54.10846,0
902555,517,-53.26521,0
902565,521,-52.70305,0
902575,508,-54.53009,0
902585,514,-53.68683,0
902595,517,-53.26521,0
902605,511,-54.10846,0
902615,517,-53.26521,0
902625,515,-53.5463,0
902635,511,-54.10846,0
902645,518,-53.12467,0
902655,520,-52.84359,0
902665,522,-52.56251,0
902675,521,-52.70305,0
902685,513,-53.82738,0
902695,515,-53.5463,0
902705,520,-52.84359,0
902715,520,-52.84359,0
902725,516,-53.40575,0
902735,512,-53.96792,0
902745,516,-53.40575,0
902755,523,-52.42196,0
902765,513,-53.82738,0
902775,515,-53.5463,0
902785,512,-53.96792,0
902795,505,-54.95171,0
902805,519,-52.98413,0
902815,509,-54.38954,0
902825,524,-52.28142,0
902835,522,-52.56251,0
902845,514,-53.68683,0
902855,512,-53.96792,0
902865,505,-54.95171,0
902875,521,-52.70305,0
902885,515,-53.5463,0
902895,523,-52.42196,0
902905,515,-53.5463,0
902915,512,-53.96792,0
902925,515,-53.5463,0
902935,514,-53.68683,0
902945,512,-53.96792,0
902955,522,-52.56251,0
902965,514,-53.68683,0
902975,517,-53.26521,0
902985,512,-53.96792,0
902995,514,-53.68683,0
903005,507,-54.67062,0
903015,516,-53.40575,0
903025,518,-53.12467,0
903035,511,-54.10846,0
903045,523,-52.42196,0
903055,524,-52.28142,0
903065,521,-52.70305,0
903075,518,-53.12467,0
903085,510,-54.249,0
903095,515,-53.5463,0
903105,518,-53.12467,0
903115,517,-53.26521,0
903125,508,-54.53009,0
903135,515,-53.5463,0
903145,517,-53.26521,0
903155,520,-52.84359,0
903165,511,-54.10846,0
903175,519,-52.98413,1
903185,513,-53.82738,1
903195,505,-54.95171,1
903205,516,-53.40575,1
903215,493,-56.6382,1
903225,490,-57.05983,1
903235,473,-59.44903,1
903245,466,-60.43282,1
903255,463,-60.85445,1
903265,456,-61.83824,1
903275,456,-61.83824,1
903285,438,-64.36799,1
903295,433,-65.07069,1
903305,423,-66.4761,1
903315,423,-66.4761,1
903325,414,-67.74098,1
903335,409,-68.44369,1
903345,406,-68.86531,1
903355,407,-68.72477,1
903365,403,-69.28693,1
903375,397,-70.13019,1
903385,392,-70.83289,1
903395,386,-71.67614,1
903405,385,-71.81668,1
903415,380,-72.51939,1
903425,375,-73.22209,1
903435,378,-72.80048,1
903445,368,-74.20589,1
903455,372,-73.64372,1
903465,368,-74.20589,1
903475,365,-74.62752,1
903485,364,-74.76805,1
903495,365,-74.62752,1
903505,362,-75.04913,1
903515,357,-75.75184,1
903525,354,-76.17346,1
903535,359,-75.47076,1
903545,350,-76.73563,1
903555,354,-76.17346,1
903565,354,-76.17346,1
903575,355,-76.03293,1
903585,356,-75.89239,1
903595,351,-76.59509,1
903605,351,-76.59509,1
903615,361,-75.18967,1
903625,348,-77.01672,1
903635,347,-77.15726,1
903645,351,-76.59509,1
903655,351,-76.59509,1
903665,344,-77.57889,1
903675,343,-77.71942,1
903685,345,-77.43834,1
903695,343,-77.71942,1
903705,344,-77.57889,1
903715,344,-77.57889,1
903725,345,-77.43834,1
903735,340,-78.14104,1
903745,347,-77.15726,1
903755,343,-77.71942,1
903765,337,-78.56267,1
903775,338,-78.42213,1
903785,340,-78.14104,1
903795,348,-77.01672,1
903805,336,-78.70322,1
903815,340,-78.14104,1
903825,343,-77.71942,1
903835,341,-78.0005,1
903845,345,-77.43834,1
903855,345,-77.43834,1
903865,346,-77.2978,1
903875,342,-77.85996,1
903885,343,-77.71942,1
903895,344,-77.57889,1
903905,345,-77.43834,1
903915,347,-77.15726,1
903925,343,-77.71942,1
903935,336,-78.70322,1
903945,344,-77.57889,1
903955,338,-78.42213,1
903965,336,-78.70322,1
903975,338,-78.42213,1
903985,339,-78.28159,1
903995,347,-77.15726,1
904005,341,-78.0005,1
904015,338,-78.42213,1
904025,338,-78.42213,1
904035,344,-77.57889,1
904045,343,-77.71942,1
904055,338,-78.42213,1
904065,348,-77.01672,1
904075,334,-78.9843,1
904085,342,-77.85996,1
904095,346,-77.2978,1
904105,339,-78.28159,1
904115,340,-78.14104,1
904125,339,-78.28159,1
904135,343,-77.71942,1
904145,335,-78.84376,1
904155,342,-77.85996,1
904165,344,-77.57889,1
904175,340,-78.14104,1
904185,343,-77.71942,1
904195,340,-78.14104,1
904205,337,-78.56267,1
904215,343,-77.71942,1
904225,338,-78.42213,1
904235,340,-78.14104,1
904245,341,-78.0005,1
904255,341,-78.0005,1
904265,338,-78.42213,1
904275,343,-77.71942,1
904285,334,-78.9843,1
904295,340,-78.14104,1
904305,332,-79.26537,1
904315,337,-78.56267,1
904325,339,-78.28159,1
904335,340,-78.14104,1
904345,342,-77.85996,1
904355,339,-78.28159,1
904365,341,-78.0005,1
904375,341,-78.0005,1
904385,337,-78.56267,1
904395,337,-78.56267,1
904405,338,-78.42213,1
904415,341,-78.0005,1
904425,338,-78.42213,1
904435,336,-78.70322,1
904445,340,-78.14104,1
904455,336,-78.70322,1
904465,337,-78.56267,1
904475,340,-78.14104,1
904485,337,-78.56267,1
904495,339,-78.28159,1
904505,342,-77.85996,1
904515,337,-78.56267,1
904525,342,-77.85996,1
904535,341,-78.0005,1
904545,336,-78.70322,1
904555,335,-78.84376,1
904565,338,-78.42213,1
904575,335,-78.84376,1
904585,340,-78.14104,1
904595,348,-77.01672,1
904605,347,-77.15726,1
904615,337,-78.56267,1
904625,342,-77.85996,1
904635,341,-78.0005,1
904645,344,-77.57889,1
904655,349,-76.87617,1
904665,334,-78.9843,1
904675,335,-78.84376,1
904685,336,-78.70322,1
904695,333,-79.12484,1
904705,338,-78.42213,1
904715,346,-77.2978,1
904725,344,-77.57889,1
904735,336,-78.70322,1
904745,344,-77.57889,1
904755,343,-77.71942,1
904765,341,-78.0005,1
904775,337,-78.56267,1
904785,335,-78.84376,1
904795,338,-78.42213,1
904805,340,-78.14104,1
904815,337,-78.56267,1
904825,339,-78.28159,1
904835,338,-78.42213,1
904845,331,-79.40591,1
904855,338,-78.42213,1
904865,341,-78.0005,1
904875,342,-77.85996,1
904885,339,-78.28159,1
904895,339,-78.28159,1
904905,340,-78.14104,1
904915,344,-77.57889,1
904925,338,-78.42213,1
904935,339,-78.28159,1
904945,339,-78.28159,1
904955,334,-78.9843,1
904965,338,-78.42213,1
904975,340,-78.14104,1
904985,340,-78.14104,1
904995,340,-78.14104,1
905005,339,-78.28159,1
905015,335,-78.84376,1
905025,331,-79.40591,1
905035,342,-77.85996,1
905045,344,-77.57889,1
905055,340,-78.14104,1
905065,344,-77.57889,1
905075,342,-77.85996,1
905085,330,-79.54646,1
905095,338,-78.42213,1
905105,339,-78.28159,1
905115,344,-77.57889,1
905125,343,-77.71942,1
905135,341,-78.0005,1
905145,338,-78.42213,1
905155,343,-77.71942,1
905165,341,-78.0005,1
905175,343,-77.71942,1
905185,337,-78.56267,1
905195,345,-77.43834,1
905205,336,-78.70322,1
905215,340,-78.14104,1
905225,339,-78.28159,1
905235,333,-79.12484,1
905245,342,-77.85996,1
905255,347,-77.15726,1
905265,339,-78.28159,1
905275,337,-78.56267,1
905285,335,-78.84376,1
905295,346,-77.2978,1
905305,341,-78.0005,1
905315,342,-77.85996,1
905325,337,-78.56267,1
905335,336,-78.70322,1
905345,345,-77.43834,1
905355,338,-78.42213,1
905365,347,-77.15726,1
905375,338,-78.42213,1
905385,339,-78.28159,1
905395,341,-78.0005,1
905405,342,-77.85996,1
905415,337,-78.56267,1
905425,335,-78.84376,1
905435,340,-78.14104,1
905445,340,-78.14104,1
905455,338,-78.42213,1
905465,339,-78.28159,1
905475,343,-77.71942,1
905485,335,-78.84376,1
905495,340,-78.14104,1
905505,344,-77.57889,1
905515,346,-77.2978,1
905525,347,-77.15726,1
905535,337,-78.56267,1
905545,344,-77.57889,1
905555,344,-77.57889,1
905565,341,-78.0005,1
905575,336,-78.70322,1
905585,342,-77.85996,1
905595,342,-77.85996,1
905605,338,-78.42213,1
905615,353,-76.31401,1
905625,341,-78.0005,1
905635,339,-78.28159,1
905645,340,-78.14104,1
905655,338,-78.42213,1
905665,339,-78.28159,1
905675,343,-77.71942,1
905685,341,-78.0005,1
905695,348,-77.01672,1
905705,336,-78.70322,1
905715,341,-78.0005,1
905725,342,-77.85996,1
905735,341,-78.0005,1
905745,334,-78.9843,1
905755,347,-77.15726,1
905765,343,-77.71942,1
905775,342,-77.85996,1
905785,333,-79.12484,1
905795,343,-77.71942,1
905805,342,-77.85996,1
905815,341,-78.0005,1
905825,344,-77.57889,1
905835,339,-78.28159,1
905845,341,-78.0005,1
905855,337,-78.56267,1
905865,347,-77.15726,1
905875,334,-78.9843,1
905885,338,-78.42213,1
905895,337,-78.56267,1
905905,344,-77.57889,1
905915,348,-77.01672,1
905925,338,-78.42213,1
905935,343,-77.71942,1
905945,346,-77.2978,1
905955,345,-77.43834,1
905965,341,-78.0005,1
905975,350,-76.73563,1
905985,340,-78.14104,1
905995,345,-77.43834,1
906005,343,-77.71942,1
906015,346,-77.2978,1
906025,343,-77.71942,1
906035,343,-77.71942,1
906045,342,-77.85996,1
906055,339,-78.28159,1
906065,338,-78.42213,1
906075,340,-78.14104,1
906085,340,-78.14104,1
906095,339,-78.28159,1
906105,342,-77.85996,1
906115,348,-77.01672,1
906125,344,-77.57889,1
906135,337,-78.56267,1
906145,345,-77.43834,1
906155,348,-77.01672,1
906165,342,-77.85996,1
906175,350,-76.73563,1
906185,336,-78.70322,1
906195,340,-78.14104,1
906205,340,-78.14104,1
906215,343,-77.71942,1
906225,338,-78.42213,1
906235,339,-78.28159,1
906245,342,-77.85996,1
906255,339,-78.28159,1
906265,338,-78.42213,1
906275,336,-78.70322,1
906285,339,-78.28159,1
906295,342,-77.85996,1
906305,340,-78.14104,1
906315,342,-77.85996,1
906325,348,-77.01672,1
906335,341,-78.0005,1
906345,343,-77.71942,1
906355,344,-77.57889,1
906365,346,-77.2978,1
906375,380,-72.51939,1
906385,514,-53.68683,1
906395,604,-41.03811,1
906405,685,-29.65426,1
906415,759,-19.25418,1
906425,800,-13.49198,1
906435,855,-5.762199,1
906445,906,1.405411,1
906455,956,8.432487,1
906465,967,9.978439,1
906475,961,9.135178,1
906485,978,11.52439,1
906495,985,12.50819,1
906505,1008,15.74064,1
906515,1006,15.45956,1
906525,998,14.33522,1
906535,977,11.38387,1
906545,1002,14.89738,1
906555,1008,15.74064,1
906565,1015,16.72443,1
906575,1004,15.17848,1
906585,994,13.77306,1
906595,981,11.94602,1
906605,1000,14.61629,1
906615,1007,15.60009,1
906625,1013,16.44335,1
906635,991,13.35143,1
906645,988,12.92982,1
906655,995,13.9136,1
906665,1012,16.3028,1
906675,1005,15.31901,1
906685,1012,16.3028,1
906695,994,13.77306,1
906705,988,12.92982,1
906715,1006,15.45956,1
906725,1006,15.45956,1
906735,1003,15.03793,1
906745,1000,14.61629,1
906755,992,13.49197,1
906765,997,14.19469,1
906775,1011,16.16225,1
906785,1013,16.44335,1
906795,1007,15.60009,1
906805,990,13.2109,1
906815,992,13.49197,1
906825,997,14.19469,1
906835,1011,16.16225,0
906845,1012,16.3028,0
906855,991,13.35143,0
906865,982,12.08656,0
906875,1001,14.75685,0
906885,955,8.291939,0
906895,921,3.513527,0
906905,913,2.389206,0
906915,906,1.405411,0
906925,895,-0.140541,0
906935,902,0.843239,0
906945,896,0,0
906955,893,-0.421631,0
906965,903,0.98378,0
906975,904,1.124329,0
906985,890,-0.843254,0
906995,895,-0.140541,0
907005,899,0.421623,0
907015,897,0.140541,0
907025,901,0.702698,0
907035,895,-0.140541,0
907045,894,-0.28109,0
907055,882,-1.967583,0
907065,900,0.562157,0
907075,893,-0.421631,0
907085,885,-1.545967,0
907095,900,0.562157,0
907105,882,-1.967583,0
907115,899,0.421623,0
907125,888,-1.124344,0
907135,899,0.421623,0
907145,883,-1.827042,0
907155,894,-0.28109,0
907165,896,0,0
907175,895,-0.140541,0
907185,886,-1.405411,0
907195,897,0.140541,0
907205,879,-2.389214,0
907215,887,-1.26487,0
907225,879,-2.389214,0
907235,889,-0.983803,0
907245,898,0.281067,0
907255,890,-0.843254,0
907265,889,-0.983803,0
907275,890,-0.843254,0
907285,888,-1.124344,0
907295,898,0.281067,0
907305,895,-0.140541,0
907315,894,-0.28109,0
907325,896,0,0
907335,895,-0.140541,0
907345,895,-0.140541,0
907355,889,-0.983803,0
907365,897,0.140541,0
907375,883,-1.827042,0
907385,895,-0.140541,0
907395,883,-1.827042,0
907405,891,-0.702713,0
907415,890,-0.843254,0
907425,885,-1.545967,0
907435,895,-0.140541,0
907445,891,-0.702713,0
907455,898,0.281067,0
907465,892,-0.562172,0
907475,892,-0.562172,0
907485,891,-0.702713,0
907495,888,-1.124344,0
907505,887,-1.26487,0
907515,887,-1.26487,0
907525,887,-1.26487,0
907535,897,0.140541,0
907545,885,-1.545967,0
907555,895,-0.140541,0
907565,899,0.421623,0
907575,898,0.281067,0
907585,890,-0.843254,0
907595,890,-0.843254,0
907605,889,-0.983803,0
907615,893,-0.421631,0
907625,903,0.98378,0
907635,901,0.702698,0
907645,887,-1.26487,0
907655,889,-0.983803,0
907665,888,-1.124344,0
907675,899,0.421623,0
907685,886,-1.405411,0
907695,888,-1.124344,0
907705,890,-0.843254,0
907715,895,-0.140541,0
907725,889,-0.983803,0
907735,901,0.702698,0
907745,892,-0.562172,0
907755,899,0.421623,0
907765,892,-0.562172,0
907775,891,-0.702713,0
907785,895,-0.140541,0
907795,897,0.140541,0
907805,896,0,0
907815,896,0,0
907825,888,-1.124344,0
907835,896,0,0
907845,892,-0.562172,0
907855,889,-0.983803,0
907865,902,0.843239,0
907875,888,-1.124344,0
907885,895,-0.140541,0
907895,898,0.281067,0
907905,892,-0.562172,0
907915,899,0.421623,0
907925,893,-0.421631,0
907935,894,-0.28109,0
907945,892,-0.562172,0
907955,896,0,0
907965,889,-0.983803,0
907975,894,-0.28109,0
907985,895,-0.140541,0
907995,883,-1.827042,0
908005,893,-0.421631,0
908015,895,-0.140541,0
908025,897,0.140541,0
908035,890,-0.843254,0
908045,898,0.281067,0
908055,889,-0.983803,0
908065,905,1.26487,0
908075,895,-0.140541,0
908085,894,-0.28109,0
908095,890,-0.843254,0
908105,883,-1.827042,0
908115,896,0,0
908125,889,-0.983803,0
908135,891,-0.702713,0
908145,886,-1.405411,0
908155,887,-1.26487,0
908165,901,0.702698,0
908175,888,-1.124344,0
908185,897,0.140541,0
908195,900,0.562157,0
908205,888,-1.124344,0
908215,895,-0.140541,0
908225,885,-1.545967,0
908235,894,-0.28109,0
908245,899,0.421623,0
908255,881,-2.108124,0
908265,888,-1.124344,0
908275,882,-1.967583,0
908285,898,0.281067,0
908295,902,0.843239,0
908305,889,-0.983803,0
908315,897,0.140541,0
908325,894,-0.28109,0
908335,896,0,0
908345,899,0.421623,0
908355,886,-1.405411,0
908365,895,-0.140541,0
908375,894,-0.28109,0
908385,888,-1.124344,0
908395,884,-1.686501,0
908405,893,-0.421631,0
908415,899,0.421623,0
908425,891,-0.702713,0
908435,897,0.140541,0
908445,887,-1.26487,0
908455,892,-0.562172,0
908465,898,0.281067,0
908475,888,-1.124344,0
908485,894,-0.28109,0
908495,892,-0.562172,0
908505,889,-0.983803,0
908515,893,-0.421631,0
908525,895,-0.140541,0
908535,890,-0.843254,0
908545,898,0.281067,0
908555,886,-1.405411,0
908565,895,-0.140541,0
908575,890,-0.843254,0
908585,900,0.562157,0
908595,901,0.702698,0
908605,884,-1.686501,0
908615,896,0,0
908625,889,-0.983803,0
908635,899,0.421623,0
908645,889,-0.983803,0
908655,890,-0.843254,0
908665,899,0.421623,0
908675,892,-0.562172,0
908685,895,-0.140541,0
908695,891,-0.702713,0
908705,886,-1.405411,0
908715,894,-0.28109,0
908725,885,-1.545967,0
908735,897,0.140541,0
908745,892,-0.562172,0
908755,890,-0.843254,0
908765,904,1.124329,0
908775,896,0,0
908785,886,-1.405411,0
908795,893,-0.421631,0
908805,894,-0.28109,0
908815,897,0.140541,0
908825,896,0,0
908835,896,0,0
908845,903,0.98378,0
908855,894,-0.28109,0
908865,888,-1.124344,0
908875,896,0,0
908885,898,0.281067,0
908895,896,0,0
908905,894,-0.28109,0
908915,887,-1.26487,0
908925,896,0,0
908935,895,-0.140541,0
908945,885,-1.545967,0
908955,894,-0.28109,0
908965,894,-0.28109,0
908975,899,0.421623,0
908985,897,0.140541,0
908995,895,-0.140541,0
909005,887,-1.26487,0
909015,896,0,0
909025,896,0,0
909035,894,-0.28109,0
909045,897,0.140541,0
909055,888,-1.124344,0
909065,893,-0.421631,0
909075,897,0.140541,0
909085,890,-0.843254,0
909095,890,-0.843254,0
909105,886,-1.405411,0
909115,889,-0.983803,0
909125,896,0,0
909135,889,-0.983803,0
909145,887,-1.26487,0
909155,886,-1.405411,0
909165,883,-1.827042,0
909175,897,0.140541,0
909185,899,0.421623,0
909195,896,0,0
909205,888,-1.124344,0
909215,895,-0.140541,0
909225,886,-1.405411,0
909235,897,0.140541,0
909245,899,0.421623,0
909255,888,-1.124344,0
909265,896,0,0
909275,888,-1.124344,0
909285,890,-0.843254,0
909295,897,0.140541,0
909305,887,-1.26487,0
909315,898,0.281067,0
909325,890,-0.843254,0
909335,901,0.702698,0
909345,892,-0.562172,0
909355,899,0.421623,0
909365,887,-1.26487,0
909375,895,-0.140541,0
909385,894,-0.28109,0
909395,894,-0.28109,0
909405,889,-0.983803,0
909415,899,0.421623,0
909425,884,-1.686501,0
909435,897,0.140541,0
909445,901,0.702698,0
909455,895,-0.140541,0
909465,889,-0.983803,0
909475,884,-1.686501,0
909485,890,-0.843254,0
909495,898,0.281067,0
909505,888,-1.124344,0
909515,897,0.140541,0
909525,890,-0.843254,0
909535,894,-0.28109,0
909545,898,0.281067,0
909555,889,-0.983803,0
909565,890,-0.843254,0
909575,900,0.562157,0
909585,887,-1.26487,0
909595,892,-0.562172,0
909605,890,-0.843254,0
909615,891,-0.702713,0
909625,888,-1.124344,0
909635,898,0.281067,0
909645,883,-1.827042,0
909655,887,-1.26487,0
909665,895,-0.140541,0
909675,898,0.281067,0
909685,900,0.562157,0
909695,890,-0.843254,0
909705,890,-0.843254,0
909715,891,-0.702713,0
909725,883,-1.827042,0
909735,898,0.281067,0
909745,894,-0.28109,0
909755,886,-1.405411,0
909765,903,0.98378,0
909775,892,-0.562172,0
909785,893,-0.421631,0
